userName,password,email,phone
user700,123456,237@qq.com,13711111114
user701,123456,238@qq.com,13711111115
user702,123456,239@qq.com,13711111116
user703,123456,240@qq.com,13711111117
user704,123456,241@qq.com,13711111118
user705,123456,242@qq.com,13711111119
user706,123456,243@qq.com,13711111120
user707,123456,244@qq.com,13711111121
user708,123456,245@qq.com,13711111122
user709,123456,246@qq.com,13711111123
user710,123456,247@qq.com,13711111124
user711,123456,248@qq.com,13711111125
user712,123456,249@qq.com,13711111126
user713,123456,250@qq.com,13711111127
user714,123456,251@qq.com,13711111128
user715,123456,252@qq.com,13711111129
user716,123456,253@qq.com,13711111130
user717,123456,254@qq.com,13711111131
user718,123456,255@qq.com,13711111132
user719,123456,256@qq.com,13711111133
user720,123456,257@qq.com,13711111134
user721,123456,258@qq.com,13711111135
user722,123456,259@qq.com,13711111136
user723,123456,260@qq.com,13711111137
user724,123456,261@qq.com,13711111138
user725,123456,262@qq.com,13711111139
user726,123456,263@qq.com,13711111140
user727,123456,264@qq.com,13711111141
user728,123456,265@qq.com,13711111142
user729,123456,266@qq.com,13711111143
user730,123456,267@qq.com,13711111144
user731,123456,268@qq.com,13711111145
user732,123456,269@qq.com,13711111146
user733,123456,270@qq.com,13711111147
user734,123456,271@qq.com,13711111148
user735,123456,272@qq.com,13711111149
user736,123456,273@qq.com,13711111150
user737,123456,274@qq.com,13711111151
user738,123456,275@qq.com,13711111152
user739,123456,276@qq.com,13711111153
user740,123456,277@qq.com,13711111154
user741,123456,278@qq.com,13711111155
user742,123456,279@qq.com,13711111156
user743,123456,280@qq.com,13711111157
user744,123456,281@qq.com,13711111158
user745,123456,282@qq.com,13711111159
user746,123456,282@qq.com,13711111159
user747,123456,283@qq.com,13711111160
user748,123456,284@qq.com,13711111161
user749,123456,285@qq.com,13711111162
user750,123456,286@qq.com,13711111163
user751,123456,287@qq.com,13711111164
user752,123456,288@qq.com,13711111165
user753,123456,289@qq.com,13711111166
user754,123456,290@qq.com,13711111167
user755,123456,291@qq.com,13711111168
user756,123456,292@qq.com,13711111169
user757,123456,293@qq.com,13711111170
user758,123456,294@qq.com,13711111171
user759,123456,295@qq.com,13711111172
user760,123456,296@qq.com,13711111173
user761,123456,297@qq.com,13711111174
user762,123456,298@qq.com,13711111175
user763,123456,299@qq.com,13711111176
user764,123456,300@qq.com,13711111177
user765,123456,301@qq.com,13711111178
user766,123456,302@qq.com,13711111179
user767,123456,303@qq.com,13711111180
user768,123456,304@qq.com,13711111181
user769,123456,305@qq.com,13711111182
user770,123456,306@qq.com,13711111183
user771,123456,307@qq.com,13711111184
user772,123456,308@qq.com,13711111185
user773,123456,309@qq.com,13711111186
user774,123456,310@qq.com,13711111187
user775,123456,311@qq.com,13711111188
user776,123456,312@qq.com,13711111189
user777,123456,313@qq.com,13711111190
user778,123456,314@qq.com,13711111191
user779,123456,315@qq.com,13711111192
user780,123456,316@qq.com,13711111193
user781,123456,317@qq.com,13711111194
user782,123456,318@qq.com,13711111195
user783,123456,319@qq.com,13711111196
user784,123456,320@qq.com,13711111197
user785,123456,321@qq.com,13711111198
user786,123456,322@qq.com,13711111199
user787,123456,323@qq.com,13711111200
user788,123456,324@qq.com,13711111201
user789,123456,325@qq.com,13711111202
user790,123456,326@qq.com,13711111203
user791,123456,327@qq.com,13711111204
user792,123456,328@qq.com,13711111205
user793,123456,329@qq.com,13711111206
user794,123456,330@qq.com,13711111207
user795,123456,331@qq.com,13711111208
user796,123456,332@qq.com,13711111209
user797,123456,333@qq.com,13711111210
user798,123456,334@qq.com,13711111211
user799,123456,335@qq.com,13711111212
